tuningRunId,eventKey,eventName,kind,label,objectiveLoss,winnerAccuracy,brierScore,scoreMae,marginMae,earlyEventAccuracy,overconfidenceRate,calibrationError,upsetMissRate,outputDir
sft-tune-2026-20260628T111818-20260628,2026ilpe,Central Illinois Regional,baseline,baseline,57.616328,0.763,0.177,68.03,98.55,0.75,0.0641025641025641,0.14966998556998556,0.1794871794871795,/Users/leoxu/Library/CloudStorage/OneDrive-YKPaoSchool上海民办包玉刚实验学校/FRC2025-26/Scouting/2026-frc-scout/SyntheticFullSystemTest/artifacts/sft-tune-2026-20260628T111818-20260628/2026ilpe-baseline
sft-tune-2026-20260628T111818-20260628,2026ilpe,Central Illinois Regional,candidate,p1-priorWeight-0.88,64.580279,0.707,0.185,68.4,100.5,0.5789473684210527,0.08974358974358974,0.14102669552669553,0.21794871794871795,/Users/leoxu/Library/CloudStorage/OneDrive-YKPaoSchool上海民办包玉刚实验学校/FRC2025-26/Scouting/2026-frc-scout/SyntheticFullSystemTest/artifacts/sft-tune-2026-20260628T111818-20260628/2026ilpe-p1-priorWeight-0.88
sft-tune-2026-20260628T111818-20260628,2026ilpe,Central Illinois Regional,candidate,p1-priorWeight-1.12,72.877756,0.667,0.211,69.65,105.22,0.4117647058823529,0.1282051282051282,0.13396792929292925,0.20512820512820512,/Users/leoxu/Library/CloudStorage/OneDrive-YKPaoSchool上海民办包玉刚实验学校/FRC2025-26/Scouting/2026-frc-scout/SyntheticFullSystemTest/artifacts/sft-tune-2026-20260628T111818-20260628/2026ilpe-p1-priorWeight-1.12
sft-tune-2026-20260628T111818-20260628,2026ilpe,Central Illinois Regional,candidate,p1-liveEvidenceWeight-0.24,66.680385,0.732,0.207,69.94,111.22,0.5,0.10256410256410256,0.10852343893480257,0.1794871794871795,/Users/leoxu/Library/CloudStorage/OneDrive-YKPaoSchool上海民办包玉刚实验学校/FRC2025-26/Scouting/2026-frc-scout/SyntheticFullSystemTest/artifacts/sft-tune-2026-20260628T111818-20260628/2026ilpe-p1-liveEvidenceWeight-0.24
sft-tune-2026-20260628T111818-20260628,2026ilpe,Central Illinois Regional,candidate,p1-liveEvidenceWeight-0.4,64.660683,0.725,0.193,69.45,101.51,0.4444444444444444,0.08974358974358974,0.10712987012987009,0.15384615384615385,/Users/leoxu/Library/CloudStorage/OneDrive-YKPaoSchool上海民办包玉刚实验学校/FRC2025-26/Scouting/2026-frc-scout/SyntheticFullSystemTest/artifacts/sft-tune-2026-20260628T111818-20260628/2026ilpe-p1-liveEvidenceWeight-0.4
sft-tune-2026-20260628T111818-20260628,2026ilpe,Central Illinois Regional,candidate,p1-recencyHalfLifeMatches-1.2,58.656135,0.736,0.173,69.03,101.35,0.7647058823529411,0.07692307692307693,0.12896386946386948,0.20512820512820512,/Users/leoxu/Library/CloudStorage/OneDrive-YKPaoSchool上海民办包玉刚实验学校/FRC2025-26/Scouting/2026-frc-scout/SyntheticFullSystemTest/artifacts/sft-tune-2026-20260628T111818-20260628/2026ilpe-p1-recencyHalfLifeMatches-1.2
sft-tune-2026-20260628T111818-20260628,2026ilpe,Central Illinois Regional,candidate,p1-recencyHalfLifeMatches-2.8,63.426359,0.718,0.188,70.23,105.51,0.6111111111111112,0.05128205128205128,0.13416999212908304,0.21794871794871795,/Users/leoxu/Library/CloudStorage/OneDrive-YKPaoSchool上海民办包玉刚实验学校/FRC2025-26/Scouting/2026-frc-scout/SyntheticFullSystemTest/artifacts/sft-tune-2026-20260628T111818-20260628/2026ilpe-p1-recencyHalfLifeMatches-2.8
sft-tune-2026-20260628T111818-20260628,2026ilpe,Central Illinois Regional,candidate,p1-marginConfidenceScale-35,63.267613,0.747,0.19,69.28,103.12,0.5789473684210527,0.08974358974358974,0.1415645021645022,0.21794871794871795,/Users/leoxu/Library/CloudStorage/OneDrive-YKPaoSchool上海民办包玉刚实验学校/FRC2025-26/Scouting/2026-frc-scout/SyntheticFullSystemTest/artifacts/sft-tune-2026-20260628T111818-20260628/2026ilpe-p1-marginConfidenceScale-35
sft-tune-2026-20260628T111818-20260628,2026ilpe,Central Illinois Regional,candidate,p1-marginConfidenceScale-49,59.926883,0.74,0.183,68.39,102.76,0.7368421052631579,0.07692307692307693,0.1337902925357471,0.1794871794871795,/Users/leoxu/Library/CloudStorage/OneDrive-YKPaoSchool上海民办包玉刚实验学校/FRC2025-26/Scouting/2026-frc-scout/SyntheticFullSystemTest/artifacts/sft-tune-2026-20260628T111818-20260628/2026ilpe-p1-marginConfidenceScale-49
sft-tune-2026-20260628T111818-20260628,2026ilpe,Central Illinois Regional,candidate,p1-scoreScaleCorrection-0.94,60.431462,0.733,0.181,68.86,104,0.65,0.08974358974358974,0.0929608585858586,0.19230769230769232,/Users/leoxu/Library/CloudStorage/OneDrive-YKPaoSchool上海民办包玉刚实验学校/FRC2025-26/Scouting/2026-frc-scout/SyntheticFullSystemTest/artifacts/sft-tune-2026-20260628T111818-20260628/2026ilpe-p1-scoreScaleCorrection-0.94
sft-tune-2026-20260628T111818-20260628,2026ilpe,Central Illinois Regional,candidate,p1-scoreScaleCorrection-1.06,71.26811,0.676,0.208,72.7,106.22,0.5555555555555556,0.1282051282051282,0.15227254689754688,0.21794871794871795,/Users/leoxu/Library/CloudStorage/OneDrive-YKPaoSchool上海民办包玉刚实验学校/FRC2025-26/Scouting/2026-frc-scout/SyntheticFullSystemTest/artifacts/sft-tune-2026-20260628T111818-20260628/2026ilpe-p1-scoreScaleCorrection-1.06
sft-tune-2026-20260628T111818-20260628,2026ilpe,Central Illinois Regional,candidate,p1-defenseImpactWeight-0.44,63.380306,0.708,0.189,68.13,104.56,0.6111111111111112,0.08974358974358974,0.11089728453364814,0.15384615384615385,/Users/leoxu/Library/CloudStorage/OneDrive-YKPaoSchool上海民办包玉刚实验学校/FRC2025-26/Scouting/2026-frc-scout/SyntheticFullSystemTest/artifacts/sft-tune-2026-20260628T111818-20260628/2026ilpe-p1-defenseImpactWeight-0.44
sft-tune-2026-20260628T111818-20260628,2026ilpe,Central Illinois Regional,candidate,p1-defenseImpactWeight-0.76,66.015405,0.711,0.186,67.52,98.6,0.5,0.08974358974358974,0.1549181129476584,0.2564102564102564,/Users/leoxu/Library/CloudStorage/OneDrive-YKPaoSchool上海民办包玉刚实验学校/FRC2025-26/Scouting/2026-frc-scout/SyntheticFullSystemTest/artifacts/sft-tune-2026-20260628T111818-20260628/2026ilpe-p1-defenseImpactWeight-0.76
sft-tune-2026-20260628T111818-20260628,2026ilpe,Central Illinois Regional,candidate,p1-reliabilityWeight-14,59.663311,0.718,0.174,67.19,102.01,0.6,0.0641025641025641,0.08868308913308912,0.15384615384615385,/Users/leoxu/Library/CloudStorage/OneDrive-YKPaoSchool上海民办包玉刚实验学校/FRC2025-26/Scouting/2026-frc-scout/SyntheticFullSystemTest/artifacts/sft-tune-2026-20260628T111818-20260628/2026ilpe-p1-reliabilityWeight-14
sft-tune-2026-20260628T111818-20260628,2026ilpe,Central Illinois Regional,candidate,p1-reliabilityWeight-22,62.610131,0.753,0.194,71.13,108.1,0.6470588235294118,0.07692307692307693,0.14651857864357865,0.1794871794871795,/Users/leoxu/Library/CloudStorage/OneDrive-YKPaoSchool上海民办包玉刚实验学校/FRC2025-26/Scouting/2026-frc-scout/SyntheticFullSystemTest/artifacts/sft-tune-2026-20260628T111818-20260628/2026ilpe-p1-reliabilityWeight-22
sft-tune-2026-20260628T111818-20260628,2026ilpe,Central Illinois Regional,candidate,p1-scoutNoisePenalty-0.12,58.47613,0.753,0.175,68.67,104.55,0.631578947368421,0.07692307692307693,0.09800675713175716,0.16666666666666666,/Users/leoxu/Library/CloudStorage/OneDrive-YKPaoSchool上海民办包玉刚实验学校/FRC2025-26/Scouting/2026-frc-scout/SyntheticFullSystemTest/artifacts/sft-tune-2026-20260628T111818-20260628/2026ilpe-p1-scoutNoisePenalty-0.12
sft-tune-2026-20260628T111818-20260628,2026ilpe,Central Illinois Regional,candidate,p1-upsetSensitivity-0.14,74.536481,0.658,0.2,70.17,103.97,0.42105263157894735,0.10256410256410256,0.232850344352617,0.23076923076923078,/Users/leoxu/Library/CloudStorage/OneDrive-YKPaoSchool上海民办包玉刚实验学校/FRC2025-26/Scouting/2026-frc-scout/SyntheticFullSystemTest/artifacts/sft-tune-2026-20260628T111818-20260628/2026ilpe-p1-upsetSensitivity-0.14
sft-tune-2026-20260628T111818-20260628,2026ilpe,Central Illinois Regional,candidate,p2-priorWeight-0.94,74.661645,0.644,0.212,69.26,106.71,0.3333333333333333,0.10256410256410256,0.12308473546655364,0.23076923076923078,/Users/leoxu/Library/CloudStorage/OneDrive-YKPaoSchool上海民办包玉刚实验学校/FRC2025-26/Scouting/2026-frc-scout/SyntheticFullSystemTest/artifacts/sft-tune-2026-20260628T111818-20260628/2026ilpe-p2-priorWeight-0.94
sft-tune-2026-20260628T111818-20260628,2026ilpe,Central Illinois Regional,candidate,p2-priorWeight-1.06,56.105681,0.786,0.173,67.65,100.81,0.7647058823529411,0.10256410256410256,0.13429249311294766,0.16666666666666666,/Users/leoxu/Library/CloudStorage/OneDrive-YKPaoSchool上海民办包玉刚实验学校/FRC2025-26/Scouting/2026-frc-scout/SyntheticFullSystemTest/artifacts/sft-tune-2026-20260628T111818-20260628/2026ilpe-p2-priorWeight-1.06
sft-tune-2026-20260628T111818-20260628,2026ilpe,Central Illinois Regional,candidate,p2-liveEvidenceWeight-0.28,77.830722,0.648,0.218,72.92,111.38,0.3888888888888889,0.10256410256410256,0.20473585858585863,0.2564102564102564,/Users/leoxu/Library/CloudStorage/OneDrive-YKPaoSchool上海民办包玉刚实验学校/FRC2025-26/Scouting/2026-frc-scout/SyntheticFullSystemTest/artifacts/sft-tune-2026-20260628T111818-20260628/2026ilpe-p2-liveEvidenceWeight-0.28
sft-tune-2026-20260628T111818-20260628,2026ilpe,Central Illinois Regional,candidate,p2-liveEvidenceWeight-0.36,59.311381,0.747,0.182,70.84,99.04,0.6470588235294118,0.07692307692307693,0.09839689754689754,0.1794871794871795,/Users/leoxu/Library/CloudStorage/OneDrive-YKPaoSchool上海民办包玉刚实验学校/FRC2025-26/Scouting/2026-frc-scout/SyntheticFullSystemTest/artifacts/sft-tune-2026-20260628T111818-20260628/2026ilpe-p2-liveEvidenceWeight-0.36
sft-tune-2026-20260628T111818-20260628,2026ilpe,Central Illinois Regional,candidate,p2-recencyHalfLifeMatches-1.6,55.597305,0.75,0.166,65.96,93.21,0.7222222222222222,0.05128205128205128,0.1369905122655123,0.1282051282051282,/Users/leoxu/Library/CloudStorage/OneDrive-YKPaoSchool上海民办包玉刚实验学校/FRC2025-26/Scouting/2026-frc-scout/SyntheticFullSystemTest/artifacts/sft-tune-2026-20260628T111818-20260628/2026ilpe-p2-recencyHalfLifeMatches-1.6
sft-tune-2026-20260628T111818-20260628,2026ilpe,Central Illinois Regional,candidate,p2-recencyHalfLifeMatches-2.4,73.333061,0.676,0.213,73.19,112.03,0.5,0.1282051282051282,0.1622453823953824,0.21794871794871795,/Users/leoxu/Library/CloudStorage/OneDrive-YKPaoSchool上海民办包玉刚实验学校/FRC2025-26/Scouting/2026-frc-scout/SyntheticFullSystemTest/artifacts/sft-tune-2026-20260628T111818-20260628/2026ilpe-p2-recencyHalfLifeMatches-2.4
sft-tune-2026-20260628T111818-20260628,2026ilpe,Central Illinois Regional,candidate,p2-marginConfidenceScale-38.5,57.414118,0.75,0.173,67.21,97.72,0.7368421052631579,0.08974358974358974,0.10660941558441558,0.20512820512820512,/Users/leoxu/Library/CloudStorage/OneDrive-YKPaoSchool上海民办包玉刚实验学校/FRC2025-26/Scouting/2026-frc-scout/SyntheticFullSystemTest/artifacts/sft-tune-2026-20260628T111818-20260628/2026ilpe-p2-marginConfidenceScale-38.5
sft-tune-2026-20260628T111818-20260628,2026ilpe,Central Illinois Regional,candidate,p2-marginConfidenceScale-45.5,57.611159,0.74,0.17,68.46,97.18,0.7,0.05128205128205128,0.11883572084481181,0.20512820512820512,/Users/leoxu/Library/CloudStorage/OneDrive-YKPaoSchool上海民办包玉刚实验学校/FRC2025-26/Scouting/2026-frc-scout/SyntheticFullSystemTest/artifacts/sft-tune-2026-20260628T111818-20260628/2026ilpe-p2-marginConfidenceScale-45.5
sft-tune-2026-20260628T111818-20260628,2026ilpe,Central Illinois Regional,candidate,p2-scoreScaleCorrection-0.97,69.076095,0.693,0.2,67.44,103.74,0.5263157894736842,0.11538461538461539,0.15896453168044078,0.21794871794871795,/Users/leoxu/Library/CloudStorage/OneDrive-YKPaoSchool上海民办包玉刚实验学校/FRC2025-26/Scouting/2026-frc-scout/SyntheticFullSystemTest/artifacts/sft-tune-2026-20260628T111818-20260628/2026ilpe-p2-scoreScaleCorrection-0.97
sft-tune-2026-20260628T111818-20260628,2026ilpe,Central Illinois Regional,candidate,p2-scoreScaleCorrection-1.03,60.615965,0.747,0.185,67.43,102.22,0.7368421052631579,0.11538461538461539,0.1327944083694084,0.19230769230769232,/Users/leoxu/Library/CloudStorage/OneDrive-YKPaoSchool上海民办包玉刚实验学校/FRC2025-26/Scouting/2026-frc-scout/SyntheticFullSystemTest/artifacts/sft-tune-2026-20260628T111818-20260628/2026ilpe-p2-scoreScaleCorrection-1.03
sft-tune-2026-20260628T111818-20260628,2026ilpe,Central Illinois Regional,candidate,p2-defenseImpactWeight-0.52,63.561806,0.724,0.183,69.47,99.49,0.631578947368421,0.0641025641025641,0.1905704906204906,0.20512820512820512,/Users/leoxu/Library/CloudStorage/OneDrive-YKPaoSchool上海民办包玉刚实验学校/FRC2025-26/Scouting/2026-frc-scout/SyntheticFullSystemTest/artifacts/sft-tune-2026-20260628T111818-20260628/2026ilpe-p2-defenseImpactWeight-0.52
sft-tune-2026-20260628T111818-20260628,2026ilpe,Central Illinois Regional,candidate,p2-defenseImpactWeight-0.68,62.787051,0.733,0.195,66.38,97.64,0.6842105263157895,0.08974358974358974,0.14336435786435786,0.21794871794871795,/Users/leoxu/Library/CloudStorage/OneDrive-YKPaoSchool上海民办包玉刚实验学校/FRC2025-26/Scouting/2026-frc-scout/SyntheticFullSystemTest/artifacts/sft-tune-2026-20260628T111818-20260628/2026ilpe-p2-defenseImpactWeight-0.68
sft-tune-2026-20260628T111818-20260628,2026ilpe,Central Illinois Regional,candidate,p2-reliabilityWeight-16,57.013993,0.763,0.182,69.26,104.17,0.8,0.11538461538461539,0.07840216450216451,0.16666666666666666,/Users/leoxu/Library/CloudStorage/OneDrive-YKPaoSchool上海民办包玉刚实验学校/FRC2025-26/Scouting/2026-frc-scout/SyntheticFullSystemTest/artifacts/sft-tune-2026-20260628T111818-20260628/2026ilpe-p2-reliabilityWeight-16
sft-tune-2026-20260628T111818-20260628,2026ilpe,Central Illinois Regional,candidate,p2-reliabilityWeight-20,62.242049,0.733,0.184,68.03,99.49,0.631578947368421,0.11538461538461539,0.12055825790371247,0.21794871794871795,/Users/leoxu/Library/CloudStorage/OneDrive-YKPaoSchool上海民办包玉刚实验学校/FRC2025-26/Scouting/2026-frc-scout/SyntheticFullSystemTest/artifacts/sft-tune-2026-20260628T111818-20260628/2026ilpe-p2-reliabilityWeight-20
sft-tune-2026-20260628T111818-20260628,2026ilpe,Central Illinois Regional,candidate,p2-scoutNoisePenalty-0.06,74.410857,0.667,0.211,68.9,101.55,0.3684210526315789,0.11538461538461539,0.17157818847818848,0.2564102564102564,/Users/leoxu/Library/CloudStorage/OneDrive-YKPaoSchool上海民办包玉刚实验学校/FRC2025-26/Scouting/2026-frc-scout/SyntheticFullSystemTest/artifacts/sft-tune-2026-20260628T111818-20260628/2026ilpe-p2-scoutNoisePenalty-0.06
sft-tune-2026-20260628T111818-20260628,2026ilpe,Central Illinois Regional,candidate,p2-upsetSensitivity-0.07,60.99825,0.73,0.18,70.9,102.13,0.6111111111111112,0.07692307692307693,0.1087001443001443,0.1794871794871795,/Users/leoxu/Library/CloudStorage/OneDrive-YKPaoSchool上海民办包玉刚实验学校/FRC2025-26/Scouting/2026-frc-scout/SyntheticFullSystemTest/artifacts/sft-tune-2026-20260628T111818-20260628/2026ilpe-p2-upsetSensitivity-0.07
sft-tune-2026-20260628T111818-20260628,2026ilpe,Central Illinois Regional,candidate,p3-priorWeight-1,64.167215,0.711,0.18,70.04,100.12,0.5,0.07692307692307693,0.13387417355371903,0.20512820512820512,/Users/leoxu/Library/CloudStorage/OneDrive-YKPaoSchool上海民办包玉刚实验学校/FRC2025-26/Scouting/2026-frc-scout/SyntheticFullSystemTest/artifacts/sft-tune-2026-20260628T111818-20260628/2026ilpe-p3-priorWeight-1
sft-tune-2026-20260628T111818-20260628,2026ilpe,Central Illinois Regional,candidate,p3-priorWeight-1.12,65.581298,0.711,0.196,66.82,99.46,0.6,0.14102564102564102,0.11927507669098576,0.20512820512820512,/Users/leoxu/Library/CloudStorage/OneDrive-YKPaoSchool上海民办包玉刚实验学校/FRC2025-26/Scouting/2026-frc-scout/SyntheticFullSystemTest/artifacts/sft-tune-2026-20260628T111818-20260628/2026ilpe-p3-priorWeight-1.12
sft-tune-2026-20260628T111818-20260628,2026ilpe,Central Illinois Regional,candidate,p3-recencyHalfLifeMatches-1.2,65.381512,0.737,0.193,68.67,101.38,0.7,0.15384615384615385,0.189170300406664,0.21794871794871795,/Users/leoxu/Library/CloudStorage/OneDrive-YKPaoSchool上海民办包玉刚实验学校/FRC2025-26/Scouting/2026-frc-scout/SyntheticFullSystemTest/artifacts/sft-tune-2026-20260628T111818-20260628/2026ilpe-p3-recencyHalfLifeMatches-1.2
sft-tune-2026-20260628T111818-20260628,2026ilpe,Central Illinois Regional,candidate,p3-recencyHalfLifeMatches-2,71.892678,0.658,0.208,69.22,104.21,0.42105263157894735,0.10256410256410256,0.12284725829725827,0.20512820512820512,/Users/leoxu/Library/CloudStorage/OneDrive-YKPaoSchool上海民办包玉刚实验学校/FRC2025-26/Scouting/2026-frc-scout/SyntheticFullSystemTest/artifacts/sft-tune-2026-20260628T111818-20260628/2026ilpe-p3-recencyHalfLifeMatches-2
sft-tune-2026-20260628T111818-20260628,2026ilpe,Central Illinois Regional,candidate,p4-priorWeight-1.03,70.373108,0.689,0.201,66.53,98.05,0.42105263157894735,0.07692307692307693,0.18998798701298697,0.23076923076923078,/Users/leoxu/Library/CloudStorage/OneDrive-YKPaoSchool上海民办包玉刚实验学校/FRC2025-26/Scouting/2026-frc-scout/SyntheticFullSystemTest/artifacts/sft-tune-2026-20260628T111818-20260628/2026ilpe-p4-priorWeight-1.03
sft-tune-2026-20260628T111818-20260628,2026ilpe,Central Illinois Regional,candidate,p4-priorWeight-1.09,58.48133,0.747,0.173,68.04,97.12,0.6842105263157895,0.07692307692307693,0.12896906729634006,0.19230769230769232,/Users/leoxu/Library/CloudStorage/OneDrive-YKPaoSchool上海民办包玉刚实验学校/FRC2025-26/Scouting/2026-frc-scout/SyntheticFullSystemTest/artifacts/sft-tune-2026-20260628T111818-20260628/2026ilpe-p4-priorWeight-1.09
sft-tune-2026-20260628T111818-20260628,2026ilpe,Central Illinois Regional,candidate,p4-recencyHalfLifeMatches-1.4,63.054143,0.753,0.198,69.86,100.85,0.6842105263157895,0.15384615384615385,0.12179256198347108,0.19230769230769232,/Users/leoxu/Library/CloudStorage/OneDrive-YKPaoSchool上海民办包玉刚实验学校/FRC2025-26/Scouting/2026-frc-scout/SyntheticFullSystemTest/artifacts/sft-tune-2026-20260628T111818-20260628/2026ilpe-p4-recencyHalfLifeMatches-1.4
sft-tune-2026-20260628T111818-20260628,2026ilpe,Central Illinois Regional,candidate,p4-recencyHalfLifeMatches-1.8,67.420333,0.708,0.204,68.87,101.12,0.5294117647058824,0.10256410256410256,0.13383606242242602,0.20512820512820512,/Users/leoxu/Library/CloudStorage/OneDrive-YKPaoSchool上海民办包玉刚实验学校/FRC2025-26/Scouting/2026-frc-scout/SyntheticFullSystemTest/artifacts/sft-tune-2026-20260628T111818-20260628/2026ilpe-p4-recencyHalfLifeMatches-1.8
sft-tune-2026-20260628T111818-20260628,2026ilpe,Central Illinois Regional,event-final,final,67.766281,0.72,0.202,72.4,106.54,0.631578947368421,0.15384615384615385,0.1516641774891775,0.21794871794871795,/Users/leoxu/Library/CloudStorage/OneDrive-YKPaoSchool上海民办包玉刚实验学校/FRC2025-26/Scouting/2026-frc-scout/SyntheticFullSystemTest/artifacts/sft-tune-2026-20260628T111818-20260628/2026ilpe-final
sft-tune-2026-20260628T111939-20260628,2026ilpe,2026ilpe,baseline,baseline,61.293639,0.714,0.177,66.69,97.76,0.6,0.0641025641025641,0.1105529942279942,0.23076923076923078,/Users/leoxu/Library/CloudStorage/OneDrive-YKPaoSchool上海民办包玉刚实验学校/FRC2025-26/Scouting/2026-frc-scout/SyntheticFullSystemTest/artifacts/sft-tune-2026-20260628T111939-20260628/2026ilpe-baseline
sft-tune-2026-20260628T111939-20260628,2026ilpe,2026ilpe,candidate,p1-priorWeight-0.88,60.848388,0.711,0.175,66.51,96.95,0.6,0.0641025641025641,0.10933831168831168,0.20512820512820512,/Users/leoxu/Library/CloudStorage/OneDrive-YKPaoSchool上海民办包玉刚实验学校/FRC2025-26/Scouting/2026-frc-scout/SyntheticFullSystemTest/artifacts/sft-tune-2026-20260628T111939-20260628/2026ilpe-p1-priorWeight-0.88
sft-tune-2026-20260628T111939-20260628,2026ilpe,2026ilpe,candidate,p1-priorWeight-1.12,62.495799,0.714,0.18,66.92,98.64,0.6,0.07692307692307693,0.1263399711399711,0.23076923076923078,/Users/leoxu/Library/CloudStorage/OneDrive-YKPaoSchool上海民办包玉刚实验学校/FRC2025-26/Scouting/2026-frc-scout/SyntheticFullSystemTest/artifacts/sft-tune-2026-20260628T111939-20260628/2026ilpe-p1-priorWeight-1.12
sft-tune-2026-20260628T111939-20260628,2026ilpe,2026ilpe,candidate,p1-liveEvidenceWeight-0.24,62.565423,0.724,0.181,67.17,100.74,0.6,0.08974358974358974,0.13168257575757572,0.21794871794871795,/Users/leoxu/Library/CloudStorage/OneDrive-YKPaoSchool上海民办包玉刚实验学校/FRC2025-26/Scouting/2026-frc-scout/SyntheticFullSystemTest/artifacts/sft-tune-2026-20260628T111939-20260628/2026ilpe-p1-liveEvidenceWeight-0.24
sft-tune-2026-20260628T111939-20260628,2026ilpe,2026ilpe,candidate,p1-liveEvidenceWeight-0.4,60.472902,0.716,0.172,66.42,96,0.6,0.0641025641025641,0.1164586186540732,0.21794871794871795,/Users/leoxu/Library/CloudStorage/OneDrive-YKPaoSchool上海民办包玉刚实验学校/FRC2025-26/Scouting/2026-frc-scout/SyntheticFullSystemTest/artifacts/sft-tune-2026-20260628T111939-20260628/2026ilpe-p1-liveEvidenceWeight-0.4
sft-tune-2026-20260628T111939-20260628,2026ilpe,2026ilpe,candidate,p1-recencyHalfLifeMatches-1.2,62.449081,0.711,0.168,66.92,96.58,0.6,0.08974358974358974,0.1676478354978355,0.21794871794871795,/Users/leoxu/Library/CloudStorage/OneDrive-YKPaoSchool上海民办包玉刚实验学校/FRC2025-26/Scouting/2026-frc-scout/SyntheticFullSystemTest/artifacts/sft-tune-2026-20260628T111939-20260628/2026ilpe-p1-recencyHalfLifeMatches-1.2
sft-tune-2026-20260628T111939-20260628,2026ilpe,2026ilpe,candidate,p1-recencyHalfLifeMatches-2.8,60.917859,0.714,0.176,66.64,97.64,0.6,0.0641025641025641,0.1110106782106782,0.20512820512820512,/Users/leoxu/Library/CloudStorage/OneDrive-YKPaoSchool上海民办包玉刚实验学校/FRC2025-26/Scouting/2026-frc-scout/SyntheticFullSystemTest/artifacts/sft-tune-2026-20260628T111939-20260628/2026ilpe-p1-recencyHalfLifeMatches-2.8
sft-tune-2026-20260628T111939-20260628,2026ilpe,2026ilpe,candidate,p1-marginConfidenceScale-35,63.441691,0.72,0.176,66.42,96,0.6,0.08974358974358974,0.1836746490882854,0.23076923076923078,/Users/leoxu/Library/CloudStorage/OneDrive-YKPaoSchool上海民办包玉刚实验学校/FRC2025-26/Scouting/2026-frc-scout/SyntheticFullSystemTest/artifacts/sft-tune-2026-20260628T111939-20260628/2026ilpe-p1-marginConfidenceScale-35
sft-tune-2026-20260628T111939-20260628,2026ilpe,2026ilpe,candidate,p1-marginConfidenceScale-49,59.948651,0.716,0.17,66.42,96,0.6,0.05128205128205128,0.12920580152171057,0.1794871794871795,/Users/leoxu/Library/CloudStorage/OneDrive-YKPaoSchool上海民办包玉刚实验学校/FRC2025-26/Scouting/2026-frc-scout/SyntheticFullSystemTest/artifacts/sft-tune-2026-20260628T111939-20260628/2026ilpe-p1-marginConfidenceScale-49
sft-tune-2026-20260628T111939-20260628,2026ilpe,2026ilpe,candidate,p1-scoreScaleCorrection-0.94,59.992851,0.716,0.17,66.24,96.71,0.6,0.05128205128205128,0.12920580152171057,0.1794871794871795,/Users/leoxu/Library/CloudStorage/OneDrive-YKPaoSchool上海民办包玉刚实验学校/FRC2025-26/Scouting/2026-frc-scout/SyntheticFullSystemTest/artifacts/sft-tune-2026-20260628T111939-20260628/2026ilpe-p1-scoreScaleCorrection-0.94
sft-tune-2026-20260628T111939-20260628,2026ilpe,2026ilpe,candidate,p1-scoreScaleCorrection-1.06,59.966851,0.716,0.17,67.32,95.44,0.6,0.05128205128205128,0.12920580152171057,0.1794871794871795,/Users/leoxu/Library/CloudStorage/OneDrive-YKPaoSchool上海民办包玉刚实验学校/FRC2025-26/Scouting/2026-frc-scout/SyntheticFullSystemTest/artifacts/sft-tune-2026-20260628T111939-20260628/2026ilpe-p1-scoreScaleCorrection-1.06
sft-tune-2026-20260628T111939-20260628,2026ilpe,2026ilpe,candidate,p1-defenseImpactWeight-0.44,60.716272,0.707,0.17,66.75,95.65,0.6,0.0641025641025641,0.12478127705627706,0.19230769230769232,/Users/leoxu/Library/CloudStorage/OneDrive-YKPaoSchool上海民办包玉刚实验学校/FRC2025-26/Scouting/2026-frc-scout/SyntheticFullSystemTest/artifacts/sft-tune-2026-20260628T111939-20260628/2026ilpe-p1-defenseImpactWeight-0.44
sft-tune-2026-20260628T111939-20260628,2026ilpe,2026ilpe,candidate,p1-defenseImpactWeight-0.76,59.830938,0.716,0.17,66.54,96.17,0.6,0.05128205128205128,0.12454868818050634,0.1794871794871795,/Users/leoxu/Library/CloudStorage/OneDrive-YKPaoSchool上海民办包玉刚实验学校/FRC2025-26/Scouting/2026-frc-scout/SyntheticFullSystemTest/artifacts/sft-tune-2026-20260628T111939-20260628/2026ilpe-p1-defenseImpactWeight-0.76
sft-tune-2026-20260628T111939-20260628,2026ilpe,2026ilpe,candidate,p1-reliabilityWeight-14,59.851439,0.716,0.17,66.67,96.26,0.6,0.05128205128205128,0.12468872819100091,0.1794871794871795,/Users/leoxu/Library/CloudStorage/OneDrive-YKPaoSchool上海民办包玉刚实验学校/FRC2025-26/Scouting/2026-frc-scout/SyntheticFullSystemTest/artifacts/sft-tune-2026-20260628T111939-20260628/2026ilpe-p1-reliabilityWeight-14
sft-tune-2026-20260628T111939-20260628,2026ilpe,2026ilpe,candidate,p1-reliabilityWeight-22,59.816666,0.716,0.17,66.42,96.15,0.6,0.05128205128205128,0.12440630985176436,0.1794871794871795,/Users/leoxu/Library/CloudStorage/OneDrive-YKPaoSchool上海民办包玉刚实验学校/FRC2025-26/Scouting/2026-frc-scout/SyntheticFullSystemTest/artifacts/sft-tune-2026-20260628T111939-20260628/2026ilpe-p1-reliabilityWeight-22
sft-tune-2026-20260628T111939-20260628,2026ilpe,2026ilpe,candidate,p1-scoutNoisePenalty-0.12,59.56702,0.716,0.17,66.4,95.96,0.6,0.05128205128205128,0.11663809523809521,0.1794871794871795,/Users/leoxu/Library/CloudStorage/OneDrive-YKPaoSchool上海民办包玉刚实验学校/FRC2025-26/Scouting/2026-frc-scout/SyntheticFullSystemTest/artifacts/sft-tune-2026-20260628T111939-20260628/2026ilpe-p1-scoutNoisePenalty-0.12
sft-tune-2026-20260628T111939-20260628,2026ilpe,2026ilpe,candidate,p1-upsetSensitivity-0.14,59.818662,0.716,0.17,66.44,96.03,0.6,0.05128205128205128,0.12474618260527351,0.1794871794871795,/Users/leoxu/Library/CloudStorage/OneDrive-YKPaoSchool上海民办包玉刚实验学校/FRC2025-26/Scouting/2026-frc-scout/SyntheticFullSystemTest/artifacts/sft-tune-2026-20260628T111939-20260628/2026ilpe-p1-upsetSensitivity-0.14
sft-tune-2026-20260628T111939-20260628,2026ilpe,2026ilpe,candidate,p2-priorWeight-0.76,59.136078,0.716,0.169,66.22,95.62,0.6,0.05128205128205128,0.10760003607503611,0.1794871794871795,/Users/leoxu/Library/CloudStorage/OneDrive-YKPaoSchool上海民办包玉刚实验学校/FRC2025-26/Scouting/2026-frc-scout/SyntheticFullSystemTest/artifacts/sft-tune-2026-20260628T111939-20260628/2026ilpe-p2-priorWeight-0.76
sft-tune-2026-20260628T111939-20260628,2026ilpe,2026ilpe,candidate,p2-priorWeight-1,60.269529,0.716,0.171,66.72,96.5,0.6,0.0641025641025641,0.1073726911976912,0.23076923076923078,/Users/leoxu/Library/CloudStorage/OneDrive-YKPaoSchool上海民办包玉刚实验学校/FRC2025-26/Scouting/2026-frc-scout/SyntheticFullSystemTest/artifacts/sft-tune-2026-20260628T111939-20260628/2026ilpe-p2-priorWeight-1
sft-tune-2026-20260628T111939-20260628,2026ilpe,2026ilpe,candidate,p2-liveEvidenceWeight-0.32,59.605869,0.716,0.173,66.31,96.81,0.6,0.05128205128205128,0.10814992129083038,0.16666666666666666,/Users/leoxu/Library/CloudStorage/OneDrive-YKPaoSchool上海民办包玉刚实验学校/FRC2025-26/Scouting/2026-frc-scout/SyntheticFullSystemTest/artifacts/sft-tune-2026-20260628T111939-20260628/2026ilpe-p2-liveEvidenceWeight-0.32
sft-tune-2026-20260628T111939-20260628,2026ilpe,2026ilpe,candidate,p2-liveEvidenceWeight-0.48,60.261418,0.72,0.166,66.38,95.58,0.6,0.05128205128205128,0.16417803030303027,0.1794871794871795,/Users/leoxu/Library/CloudStorage/OneDrive-YKPaoSchool上海民办包玉刚实验学校/FRC2025-26/Scouting/2026-frc-scout/SyntheticFullSystemTest/artifacts/sft-tune-2026-20260628T111939-20260628/2026ilpe-p2-liveEvidenceWeight-0.48
sft-tune-2026-20260628T111939-20260628,2026ilpe,2026ilpe,candidate,p2-recencyHalfLifeMatches-1.6,60.261418,0.72,0.166,66.38,95.58,0.6,0.05128205128205128,0.16417803030303027,0.1794871794871795,/Users/leoxu/Library/CloudStorage/OneDrive-YKPaoSchool上海民办包玉刚实验学校/FRC2025-26/Scouting/2026-frc-scout/SyntheticFullSystemTest/artifacts/sft-tune-2026-20260628T111939-20260628/2026ilpe-p2-recencyHalfLifeMatches-1.6
sft-tune-2026-20260628T111939-20260628,2026ilpe,2026ilpe,candidate,p2-recencyHalfLifeMatches-2.4,59.153085,0.716,0.171,66.13,96.27,0.6,0.05128205128205128,0.10291710940574578,0.16666666666666666,/Users/leoxu/Library/CloudStorage/OneDrive-YKPaoSchool上海民办包玉刚实验学校/FRC2025-26/Scouting/2026-frc-scout/SyntheticFullSystemTest/artifacts/sft-tune-2026-20260628T111939-20260628/2026ilpe-p2-recencyHalfLifeMatches-2.4
sft-tune-2026-20260628T111939-20260628,2026ilpe,2026ilpe,candidate,p2-marginConfidenceScale-42,60.472609,0.707,0.171,66.22,95.62,0.6,0.0641025641025641,0.10970235143644232,0.20512820512820512,/Users/leoxu/Library/CloudStorage/OneDrive-YKPaoSchool上海民办包玉刚实验学校/FRC2025-26/Scouting/2026-frc-scout/SyntheticFullSystemTest/artifacts/sft-tune-2026-20260628T111939-20260628/2026ilpe-p2-marginConfidenceScale-42
sft-tune-2026-20260628T111939-20260628,2026ilpe,2026ilpe,candidate,p2-marginConfidenceScale-56,58.984156,0.726,0.169,66.22,95.62,0.6,0.038461538461538464,0.14309152236652234,0.14102564102564102,/Users/leoxu/Library/CloudStorage/OneDrive-YKPaoSchool上海民办包玉刚实验学校/FRC2025-26/Scouting/2026-frc-scout/SyntheticFullSystemTest/artifacts/sft-tune-2026-20260628T111939-20260628/2026ilpe-p2-marginConfidenceScale-56
sft-tune-2026-20260628T111939-20260628,2026ilpe,2026ilpe,candidate,p2-scoreScaleCorrection-0.97,59.028656,0.726,0.169,66.33,96.08,0.6,0.038461538461538464,0.14309152236652234,0.14102564102564102,/Users/leoxu/Library/CloudStorage/OneDrive-YKPaoSchool上海民办包玉刚实验学校/FRC2025-26/Scouting/2026-frc-scout/SyntheticFullSystemTest/artifacts/sft-tune-2026-20260628T111939-20260628/2026ilpe-p2-scoreScaleCorrection-0.97
sft-tune-2026-20260628T111939-20260628,2026ilpe,2026ilpe,candidate,p2-scoreScaleCorrection-1.03,58.968256,0.726,0.169,66.37,95.29,0.6,0.038461538461538464,0.14309152236652234,0.14102564102564102,/Users/leoxu/Library/CloudStorage/OneDrive-YKPaoSchool上海民办包玉刚实验学校/FRC2025-26/Scouting/2026-frc-scout/SyntheticFullSystemTest/artifacts/sft-tune-2026-20260628T111939-20260628/2026ilpe-p2-scoreScaleCorrection-1.03
sft-tune-2026-20260628T111939-20260628,2026ilpe,2026ilpe,candidate,p2-defenseImpactWeight-0.6,59.96006,0.716,0.169,66.17,95.32,0.6,0.038461538461538464,0.1539314902269448,0.15384615384615385,/Users/leoxu/Library/CloudStorage/OneDrive-YKPaoSchool上海民办包玉刚实验学校/FRC2025-26/Scouting/2026-frc-scout/SyntheticFullSystemTest/artifacts/sft-tune-2026-20260628T111939-20260628/2026ilpe-p2-defenseImpactWeight-0.6
sft-tune-2026-20260628T111939-20260628,2026ilpe,2026ilpe,candidate,p2-defenseImpactWeight-0.92,58.979657,0.716,0.169,66.83,96.06,0.6,0.038461538461538464,0.12201155057064143,0.14102564102564102,/Users/leoxu/Library/CloudStorage/OneDrive-YKPaoSchool上海民办包玉刚实验学校/FRC2025-26/Scouting/2026-frc-scout/SyntheticFullSystemTest/artifacts/sft-tune-2026-20260628T111939-20260628/2026ilpe-p2-defenseImpactWeight-0.92
sft-tune-2026-20260628T111939-20260628,2026ilpe,2026ilpe,candidate,p2-reliabilityWeight-16,58.99264,0.726,0.169,66.24,95.67,0.6,0.038461538461538464,0.1431943394988849,0.14102564102564102,/Users/leoxu/Library/CloudStorage/OneDrive-YKPaoSchool上海民办包玉刚实验学校/FRC2025-26/Scouting/2026-frc-scout/SyntheticFullSystemTest/artifacts/sft-tune-2026-20260628T111939-20260628/2026ilpe-p2-reliabilityWeight-16
sft-tune-2026-20260628T111939-20260628,2026ilpe,2026ilpe,candidate,p2-reliabilityWeight-20,59.102296,0.726,0.169,66.15,95.59,0.6,0.038461538461538464,0.14299934081070442,0.15384615384615385,/Users/leoxu/Library/CloudStorage/OneDrive-YKPaoSchool上海民办包玉刚实验学校/FRC2025-26/Scouting/2026-frc-scout/SyntheticFullSystemTest/artifacts/sft-tune-2026-20260628T111939-20260628/2026ilpe-p2-reliabilityWeight-20
sft-tune-2026-20260628T111939-20260628,2026ilpe,2026ilpe,candidate,p2-scoutNoisePenalty-0,58.839901,0.726,0.168,66.19,95.68,0.6,0.038461538461538464,0.14219301128164763,0.14102564102564102,/Users/leoxu/Library/CloudStorage/OneDrive-YKPaoSchool上海民办包玉刚实验学校/FRC2025-26/Scouting/2026-frc-scout/SyntheticFullSystemTest/artifacts/sft-tune-2026-20260628T111939-20260628/2026ilpe-p2-scoutNoisePenalty-0
sft-tune-2026-20260628T111939-20260628,2026ilpe,2026ilpe,candidate,p2-scoutNoisePenalty-0.24,59.657613,0.716,0.169,66.13,95.45,0.6,0.038461538461538464,0.14359658271021905,0.15384615384615385,/Users/leoxu/Library/CloudStorage/OneDrive-YKPaoSchool上海民办包玉刚实验学校/FRC2025-26/Scouting/2026-frc-scout/SyntheticFullSystemTest/artifacts/sft-tune-2026-20260628T111939-20260628/2026ilpe-p2-scoutNoisePenalty-0.24
sft-tune-2026-20260628T111939-20260628,2026ilpe,2026ilpe,candidate,p2-upsetSensitivity-0.07,58.978901,0.726,0.168,66.22,95.81,0.6,0.038461538461538464,0.14213618326118327,0.15384615384615385,/Users/leoxu/Library/CloudStorage/OneDrive-YKPaoSchool上海民办包玉刚实验学校/FRC2025-26/Scouting/2026-frc-scout/SyntheticFullSystemTest/artifacts/sft-tune-2026-20260628T111939-20260628/2026ilpe-p2-upsetSensitivity-0.07
sft-tune-2026-20260628T111939-20260628,2026ilpe,2026ilpe,candidate,p3-priorWeight-0.64,57.934691,0.732,0.168,65.93,95.37,0.6111111111111112,0.038461538461538464,0.12889712383576016,0.14102564102564102,/Users/leoxu/Library/CloudStorage/OneDrive-YKPaoSchool上海民办包玉刚实验学校/FRC2025-26/Scouting/2026-frc-scout/SyntheticFullSystemTest/artifacts/sft-tune-2026-20260628T111939-20260628/2026ilpe-p3-priorWeight-0.64
sft-tune-2026-20260628T111939-20260628,2026ilpe,2026ilpe,candidate,p3-priorWeight-0.88,58.811854,0.726,0.169,66.54,96.17,0.6,0.05128205128205128,0.11718606191788007,0.16666666666666666,/Users/leoxu/Library/CloudStorage/OneDrive-YKPaoSchool上海民办包玉刚实验学校/FRC2025-26/Scouting/2026-frc-scout/SyntheticFullSystemTest/artifacts/sft-tune-2026-20260628T111939-20260628/2026ilpe-p3-priorWeight-0.88
sft-tune-2026-20260628T111939-20260628,2026ilpe,2026ilpe,candidate,p3-liveEvidenceWeight-0.36,59.796765,0.712,0.17,65.96,95.79,0.5789473684210527,0.038461538461538464,0.13651760461760462,0.1282051282051282,/Users/leoxu/Library/CloudStorage/OneDrive-YKPaoSchool上海民办包玉刚实验学校/FRC2025-26/Scouting/2026-frc-scout/SyntheticFullSystemTest/artifacts/sft-tune-2026-20260628T111939-20260628/2026ilpe-p3-liveEvidenceWeight-0.36
sft-tune-2026-20260628T111939-20260628,2026ilpe,2026ilpe,candidate,p3-liveEvidenceWeight-0.44,57.780797,0.729,0.166,65.96,95.26,0.6111111111111112,0.038461538461538464,0.12221717499672045,0.15384615384615385,/Users/leoxu/Library/CloudStorage/OneDrive-YKPaoSchool上海民办包玉刚实验学校/FRC2025-26/Scouting/2026-frc-scout/SyntheticFullSystemTest/artifacts/sft-tune-2026-20260628T111939-20260628/2026ilpe-p3-liveEvidenceWeight-0.44
sft-tune-2026-20260628T111939-20260628,2026ilpe,2026ilpe,candidate,p3-marginConfidenceScale-49,58.727903,0.729,0.166,65.96,95.26,0.6111111111111112,0.038461538461538464,0.14524036796536802,0.1794871794871795,/Users/leoxu/Library/CloudStorage/OneDrive-YKPaoSchool上海民办包玉刚实验学校/FRC2025-26/Scouting/2026-frc-scout/SyntheticFullSystemTest/artifacts/sft-tune-2026-20260628T111939-20260628/2026ilpe-p3-marginConfidenceScale-49
sft-tune-2026-20260628T111939-20260628,2026ilpe,2026ilpe,candidate,p3-marginConfidenceScale-63,57.446552,0.729,0.167,65.96,95.26,0.6111111111111112,0.038461538461538464,0.11134917355371901,0.14102564102564102,/Users/leoxu/Library/CloudStorage/OneDrive-YKPaoSchool上海民办包玉刚实验学校/FRC2025-26/Scouting/2026-frc-scout/SyntheticFullSystemTest/artifacts/sft-tune-2026-20260628T111939-20260628/2026ilpe-p3-marginConfidenceScale-63
sft-tune-2026-20260628T111939-20260628,2026ilpe,2026ilpe,candidate,p3-defenseImpactWeight-0.68,57.300018,0.729,0.167,65.85,95.08,0.6111111111111112,0.038461538461538464,0.1114748852157943,0.1282051282051282,/Users/leoxu/Library/CloudStorage/OneDrive-YKPaoSchool上海民办包玉刚实验学校/FRC2025-26/Scouting/2026-frc-scout/SyntheticFullSystemTest/artifacts/sft-tune-2026-20260628T111939-20260628/2026ilpe-p3-defenseImpactWeight-0.68
sft-tune-2026-20260628T111939-20260628,2026ilpe,2026ilpe,candidate,p3-defenseImpactWeight-0.84,57.780023,0.729,0.167,66.21,95.41,0.6111111111111112,0.038461538461538464,0.1214815525383707,0.14102564102564102,/Users/leoxu/Library/CloudStorage/OneDrive-YKPaoSchool上海民办包玉刚实验学校/FRC2025-26/Scouting/2026-frc-scout/SyntheticFullSystemTest/artifacts/sft-tune-2026-20260628T111939-20260628/2026ilpe-p3-defenseImpactWeight-0.84
sft-tune-2026-20260628T111939-20260628,2026ilpe,2026ilpe,candidate,p3-scoutNoisePenalty-0.12,57.03257,0.732,0.167,65.93,94.99,0.6111111111111112,0.038461538461538464,0.11238678341860163,0.11538461538461539,/Users/leoxu/Library/CloudStorage/OneDrive-YKPaoSchool上海民办包玉刚实验学校/FRC2025-26/Scouting/2026-frc-scout/SyntheticFullSystemTest/artifacts/sft-tune-2026-20260628T111939-20260628/2026ilpe-p3-scoutNoisePenalty-0.12
sft-tune-2026-20260628T111939-20260628,2026ilpe,2026ilpe,candidate,p4-priorWeight-0.55,55.624425,0.739,0.166,65.83,94.72,0.6470588235294118,0.038461538461538464,0.09334087276360004,0.1282051282051282,/Users/leoxu/Library/CloudStorage/OneDrive-YKPaoSchool上海民办包玉刚实验学校/FRC2025-26/Scouting/2026-frc-scout/SyntheticFullSystemTest/artifacts/sft-tune-2026-20260628T111939-20260628/2026ilpe-p4-priorWeight-0.55
sft-tune-2026-20260628T111939-20260628,2026ilpe,2026ilpe,candidate,p4-priorWeight-0.76,58.245672,0.726,0.167,66.14,95.69,0.6,0.038461538461538464,0.12647539682539685,0.14102564102564102,/Users/leoxu/Library/CloudStorage/OneDrive-YKPaoSchool上海民办包玉刚实验学校/FRC2025-26/Scouting/2026-frc-scout/SyntheticFullSystemTest/artifacts/sft-tune-2026-20260628T111939-20260628/2026ilpe-p4-priorWeight-0.76
sft-tune-2026-20260628T111939-20260628,2026ilpe,2026ilpe,candidate,p4-liveEvidenceWeight-0.4,57.373071,0.732,0.168,65.89,94.96,0.6111111111111112,0.038461538461538464,0.11991015802379437,0.11538461538461539,/Users/leoxu/Library/CloudStorage/OneDrive-YKPaoSchool上海民办包玉刚实验学校/FRC2025-26/Scouting/2026-frc-scout/SyntheticFullSystemTest/artifacts/sft-tune-2026-20260628T111939-20260628/2026ilpe-p4-liveEvidenceWeight-0.4
sft-tune-2026-20260628T111939-20260628,2026ilpe,2026ilpe,candidate,p4-liveEvidenceWeight-0.48,55.221758,0.754,0.165,66.05,94.92,0.6470588235294118,0.038461538461538464,0.10182494096812279,0.15384615384615385,/Users/leoxu/Library/CloudStorage/OneDrive-YKPaoSchool上海民办包玉刚实验学校/FRC2025-26/Scouting/2026-frc-scout/SyntheticFullSystemTest/artifacts/sft-tune-2026-20260628T111939-20260628/2026ilpe-p4-liveEvidenceWeight-0.48
sft-tune-2026-20260628T111939-20260628,2026ilpe,2026ilpe,candidate,p4-marginConfidenceScale-56,56.703888,0.743,0.165,66.05,94.92,0.6470588235294118,0.038461538461538464,0.12678911845730023,0.16666666666666666,/Users/leoxu/Library/CloudStorage/OneDrive-YKPaoSchool上海民办包玉刚实验学校/FRC2025-26/Scouting/2026-frc-scout/SyntheticFullSystemTest/artifacts/sft-tune-2026-20260628T111939-20260628/2026ilpe-p4-marginConfidenceScale-56
sft-tune-2026-20260628T111939-20260628,2026ilpe,2026ilpe,candidate,p4-marginConfidenceScale-70,55.628314,0.754,0.166,66.05,94.92,0.6470588235294118,0.038461538461538464,0.12419731404958677,0.11538461538461539,/Users/leoxu/Library/CloudStorage/OneDrive-YKPaoSchool上海民办包玉刚实验学校/FRC2025-26/Scouting/2026-frc-scout/SyntheticFullSystemTest/artifacts/sft-tune-2026-20260628T111939-20260628/2026ilpe-p4-marginConfidenceScale-70
sft-tune-2026-20260628T111939-20260628,2026ilpe,2026ilpe,candidate,p4-defenseImpactWeight-0.6,56.013271,0.743,0.165,66.09,94.74,0.6470588235294118,0.038461538461538464,0.10842871900826449,0.15384615384615385,/Users/leoxu/Library/CloudStorage/OneDrive-YKPaoSchool上海民办包玉刚实验学校/FRC2025-26/Scouting/2026-frc-scout/SyntheticFullSystemTest/artifacts/sft-tune-2026-20260628T111939-20260628/2026ilpe-p4-defenseImpactWeight-0.6
sft-tune-2026-20260628T111939-20260628,2026ilpe,2026ilpe,candidate,p4-defenseImpactWeight-0.76,54.98116,0.754,0.165,66.09,95.08,0.6470588235294118,0.038461538461538464,0.10183203463203466,0.1282051282051282,/Users/leoxu/Library/CloudStorage/OneDrive-YKPaoSchool上海民办包玉刚实验学校/FRC2025-26/Scouting/2026-frc-scout/SyntheticFullSystemTest/artifacts/sft-tune-2026-20260628T111939-20260628/2026ilpe-p4-defenseImpactWeight-0.76
sft-tune-2026-20260628T111939-20260628,2026ilpe,2026ilpe,event-final,final,54.98116,0.754,0.165,66.09,95.08,0.6470588235294118,0.038461538461538464,0.10183203463203466,0.1282051282051282,/Users/leoxu/Library/CloudStorage/OneDrive-YKPaoSchool上海民办包玉刚实验学校/FRC2025-26/Scouting/2026-frc-scout/SyntheticFullSystemTest/artifacts/sft-tune-2026-20260628T111939-20260628/2026ilpe-final
sft-tune-2026-20260628T112002-20260628,2026ilpe,2026ilpe,baseline,baseline,61.293639,0.714,0.177,66.69,97.76,0.6,0.0641025641025641,0.1105529942279942,0.23076923076923078,/Users/leoxu/Library/CloudStorage/OneDrive-YKPaoSchool上海民办包玉刚实验学校/FRC2025-26/Scouting/2026-frc-scout/SyntheticFullSystemTest/artifacts/sft-tune-2026-20260628T112002-20260628/2026ilpe-baseline
sft-tune-2026-20260628T112002-20260628,2026ilpe,2026ilpe,candidate,p1-priorWeight-0.88,60.848388,0.711,0.175,66.51,96.95,0.6,0.0641025641025641,0.10933831168831168,0.20512820512820512,/Users/leoxu/Library/CloudStorage/OneDrive-YKPaoSchool上海民办包玉刚实验学校/FRC2025-26/Scouting/2026-frc-scout/SyntheticFullSystemTest/artifacts/sft-tune-2026-20260628T112002-20260628/2026ilpe-p1-priorWeight-0.88
sft-tune-2026-20260628T112002-20260628,2026ilpe,2026ilpe,candidate,p1-priorWeight-1.12,62.495799,0.714,0.18,66.92,98.64,0.6,0.07692307692307693,0.1263399711399711,0.23076923076923078,/Users/leoxu/Library/CloudStorage/OneDrive-YKPaoSchool上海民办包玉刚实验学校/FRC2025-26/Scouting/2026-frc-scout/SyntheticFullSystemTest/artifacts/sft-tune-2026-20260628T112002-20260628/2026ilpe-p1-priorWeight-1.12
sft-tune-2026-20260628T112002-20260628,2026ilpe,2026ilpe,candidate,p1-liveEvidenceWeight-0.24,62.565423,0.724,0.181,67.17,100.74,0.6,0.08974358974358974,0.13168257575757572,0.21794871794871795,/Users/leoxu/Library/CloudStorage/OneDrive-YKPaoSchool上海民办包玉刚实验学校/FRC2025-26/Scouting/2026-frc-scout/SyntheticFullSystemTest/artifacts/sft-tune-2026-20260628T112002-20260628/2026ilpe-p1-liveEvidenceWeight-0.24
sft-tune-2026-20260628T112002-20260628,2026ilpe,2026ilpe,candidate,p1-liveEvidenceWeight-0.4,60.472902,0.716,0.172,66.42,96,0.6,0.0641025641025641,0.1164586186540732,0.21794871794871795,/Users/leoxu/Library/CloudStorage/OneDrive-YKPaoSchool上海民办包玉刚实验学校/FRC2025-26/Scouting/2026-frc-scout/SyntheticFullSystemTest/artifacts/sft-tune-2026-20260628T112002-20260628/2026ilpe-p1-liveEvidenceWeight-0.4
sft-tune-2026-20260628T112002-20260628,2026ilpe,2026ilpe,candidate,p1-recencyHalfLifeMatches-1.2,62.449081,0.711,0.168,66.92,96.58,0.6,0.08974358974358974,0.1676478354978355,0.21794871794871795,/Users/leoxu/Library/CloudStorage/OneDrive-YKPaoSchool上海民办包玉刚实验学校/FRC2025-26/Scouting/2026-frc-scout/SyntheticFullSystemTest/artifacts/sft-tune-2026-20260628T112002-20260628/2026ilpe-p1-recencyHalfLifeMatches-1.2
sft-tune-2026-20260628T112002-20260628,2026ilpe,2026ilpe,candidate,p1-recencyHalfLifeMatches-2.8,60.917859,0.714,0.176,66.64,97.64,0.6,0.0641025641025641,0.1110106782106782,0.20512820512820512,/Users/leoxu/Library/CloudStorage/OneDrive-YKPaoSchool上海民办包玉刚实验学校/FRC2025-26/Scouting/2026-frc-scout/SyntheticFullSystemTest/artifacts/sft-tune-2026-20260628T112002-20260628/2026ilpe-p1-recencyHalfLifeMatches-2.8
sft-tune-2026-20260628T112002-20260628,2026ilpe,2026ilpe,candidate,p1-marginConfidenceScale-35,63.441691,0.72,0.176,66.42,96,0.6,0.08974358974358974,0.1836746490882854,0.23076923076923078,/Users/leoxu/Library/CloudStorage/OneDrive-YKPaoSchool上海民办包玉刚实验学校/FRC2025-26/Scouting/2026-frc-scout/SyntheticFullSystemTest/artifacts/sft-tune-2026-20260628T112002-20260628/2026ilpe-p1-marginConfidenceScale-35
sft-tune-2026-20260628T112002-20260628,2026ilpe,2026ilpe,candidate,p1-marginConfidenceScale-49,59.948651,0.716,0.17,66.42,96,0.6,0.05128205128205128,0.12920580152171057,0.1794871794871795,/Users/leoxu/Library/CloudStorage/OneDrive-YKPaoSchool上海民办包玉刚实验学校/FRC2025-26/Scouting/2026-frc-scout/SyntheticFullSystemTest/artifacts/sft-tune-2026-20260628T112002-20260628/2026ilpe-p1-marginConfidenceScale-49
sft-tune-2026-20260628T112002-20260628,2026ilpe,2026ilpe,candidate,p1-scoreScaleCorrection-0.94,59.992851,0.716,0.17,66.24,96.71,0.6,0.05128205128205128,0.12920580152171057,0.1794871794871795,/Users/leoxu/Library/CloudStorage/OneDrive-YKPaoSchool上海民办包玉刚实验学校/FRC2025-26/Scouting/2026-frc-scout/SyntheticFullSystemTest/artifacts/sft-tune-2026-20260628T112002-20260628/2026ilpe-p1-scoreScaleCorrection-0.94
sft-tune-2026-20260628T112002-20260628,2026ilpe,2026ilpe,candidate,p1-scoreScaleCorrection-1.06,59.966851,0.716,0.17,67.32,95.44,0.6,0.05128205128205128,0.12920580152171057,0.1794871794871795,/Users/leoxu/Library/CloudStorage/OneDrive-YKPaoSchool上海民办包玉刚实验学校/FRC2025-26/Scouting/2026-frc-scout/SyntheticFullSystemTest/artifacts/sft-tune-2026-20260628T112002-20260628/2026ilpe-p1-scoreScaleCorrection-1.06
sft-tune-2026-20260628T112002-20260628,2026ilpe,2026ilpe,candidate,p1-defenseImpactWeight-0.44,60.716272,0.707,0.17,66.75,95.65,0.6,0.0641025641025641,0.12478127705627706,0.19230769230769232,/Users/leoxu/Library/CloudStorage/OneDrive-YKPaoSchool上海民办包玉刚实验学校/FRC2025-26/Scouting/2026-frc-scout/SyntheticFullSystemTest/artifacts/sft-tune-2026-20260628T112002-20260628/2026ilpe-p1-defenseImpactWeight-0.44
sft-tune-2026-20260628T112002-20260628,2026ilpe,2026ilpe,candidate,p1-defenseImpactWeight-0.76,59.830938,0.716,0.17,66.54,96.17,0.6,0.05128205128205128,0.12454868818050634,0.1794871794871795,/Users/leoxu/Library/CloudStorage/OneDrive-YKPaoSchool上海民办包玉刚实验学校/FRC2025-26/Scouting/2026-frc-scout/SyntheticFullSystemTest/artifacts/sft-tune-2026-20260628T112002-20260628/2026ilpe-p1-defenseImpactWeight-0.76
sft-tune-2026-20260628T112002-20260628,2026ilpe,2026ilpe,candidate,p1-reliabilityWeight-14,59.851439,0.716,0.17,66.67,96.26,0.6,0.05128205128205128,0.12468872819100091,0.1794871794871795,/Users/leoxu/Library/CloudStorage/OneDrive-YKPaoSchool上海民办包玉刚实验学校/FRC2025-26/Scouting/2026-frc-scout/SyntheticFullSystemTest/artifacts/sft-tune-2026-20260628T112002-20260628/2026ilpe-p1-reliabilityWeight-14
sft-tune-2026-20260628T112002-20260628,2026ilpe,2026ilpe,candidate,p1-reliabilityWeight-22,59.816666,0.716,0.17,66.42,96.15,0.6,0.05128205128205128,0.12440630985176436,0.1794871794871795,/Users/leoxu/Library/CloudStorage/OneDrive-YKPaoSchool上海民办包玉刚实验学校/FRC2025-26/Scouting/2026-frc-scout/SyntheticFullSystemTest/artifacts/sft-tune-2026-20260628T112002-20260628/2026ilpe-p1-reliabilityWeight-22
sft-tune-2026-20260628T112002-20260628,2026ilpe,2026ilpe,candidate,p1-scoutNoisePenalty-0.12,59.56702,0.716,0.17,66.4,95.96,0.6,0.05128205128205128,0.11663809523809521,0.1794871794871795,/Users/leoxu/Library/CloudStorage/OneDrive-YKPaoSchool上海民办包玉刚实验学校/FRC2025-26/Scouting/2026-frc-scout/SyntheticFullSystemTest/artifacts/sft-tune-2026-20260628T112002-20260628/2026ilpe-p1-scoutNoisePenalty-0.12
sft-tune-2026-20260628T112002-20260628,2026ilpe,2026ilpe,candidate,p1-upsetSensitivity-0.14,59.818662,0.716,0.17,66.44,96.03,0.6,0.05128205128205128,0.12474618260527351,0.1794871794871795,/Users/leoxu/Library/CloudStorage/OneDrive-YKPaoSchool上海民办包玉刚实验学校/FRC2025-26/Scouting/2026-frc-scout/SyntheticFullSystemTest/artifacts/sft-tune-2026-20260628T112002-20260628/2026ilpe-p1-upsetSensitivity-0.14
sft-tune-2026-20260628T112002-20260628,2026ilpe,2026ilpe,candidate,p2-priorWeight-0.76,59.136078,0.716,0.169,66.22,95.62,0.6,0.05128205128205128,0.10760003607503611,0.1794871794871795,/Users/leoxu/Library/CloudStorage/OneDrive-YKPaoSchool上海民办包玉刚实验学校/FRC2025-26/Scouting/2026-frc-scout/SyntheticFullSystemTest/artifacts/sft-tune-2026-20260628T112002-20260628/2026ilpe-p2-priorWeight-0.76
sft-tune-2026-20260628T112002-20260628,2026ilpe,2026ilpe,candidate,p2-priorWeight-1,60.269529,0.716,0.171,66.72,96.5,0.6,0.0641025641025641,0.1073726911976912,0.23076923076923078,/Users/leoxu/Library/CloudStorage/OneDrive-YKPaoSchool上海民办包玉刚实验学校/FRC2025-26/Scouting/2026-frc-scout/SyntheticFullSystemTest/artifacts/sft-tune-2026-20260628T112002-20260628/2026ilpe-p2-priorWeight-1
sft-tune-2026-20260628T112002-20260628,2026ilpe,2026ilpe,candidate,p2-liveEvidenceWeight-0.32,59.605869,0.716,0.173,66.31,96.81,0.6,0.05128205128205128,0.10814992129083038,0.16666666666666666,/Users/leoxu/Library/CloudStorage/OneDrive-YKPaoSchool上海民办包玉刚实验学校/FRC2025-26/Scouting/2026-frc-scout/SyntheticFullSystemTest/artifacts/sft-tune-2026-20260628T112002-20260628/2026ilpe-p2-liveEvidenceWeight-0.32
sft-tune-2026-20260628T112002-20260628,2026ilpe,2026ilpe,candidate,p2-liveEvidenceWeight-0.48,60.261418,0.72,0.166,66.38,95.58,0.6,0.05128205128205128,0.16417803030303027,0.1794871794871795,/Users/leoxu/Library/CloudStorage/OneDrive-YKPaoSchool上海民办包玉刚实验学校/FRC2025-26/Scouting/2026-frc-scout/SyntheticFullSystemTest/artifacts/sft-tune-2026-20260628T112002-20260628/2026ilpe-p2-liveEvidenceWeight-0.48
sft-tune-2026-20260628T112002-20260628,2026ilpe,2026ilpe,candidate,p2-recencyHalfLifeMatches-1.6,60.261418,0.72,0.166,66.38,95.58,0.6,0.05128205128205128,0.16417803030303027,0.1794871794871795,/Users/leoxu/Library/CloudStorage/OneDrive-YKPaoSchool上海民办包玉刚实验学校/FRC2025-26/Scouting/2026-frc-scout/SyntheticFullSystemTest/artifacts/sft-tune-2026-20260628T112002-20260628/2026ilpe-p2-recencyHalfLifeMatches-1.6
sft-tune-2026-20260628T112002-20260628,2026ilpe,2026ilpe,candidate,p2-recencyHalfLifeMatches-2.4,59.153085,0.716,0.171,66.13,96.27,0.6,0.05128205128205128,0.10291710940574578,0.16666666666666666,/Users/leoxu/Library/CloudStorage/OneDrive-YKPaoSchool上海民办包玉刚实验学校/FRC2025-26/Scouting/2026-frc-scout/SyntheticFullSystemTest/artifacts/sft-tune-2026-20260628T112002-20260628/2026ilpe-p2-recencyHalfLifeMatches-2.4
sft-tune-2026-20260628T112002-20260628,2026ilpe,2026ilpe,candidate,p2-marginConfidenceScale-42,60.472609,0.707,0.171,66.22,95.62,0.6,0.0641025641025641,0.10970235143644232,0.20512820512820512,/Users/leoxu/Library/CloudStorage/OneDrive-YKPaoSchool上海民办包玉刚实验学校/FRC2025-26/Scouting/2026-frc-scout/SyntheticFullSystemTest/artifacts/sft-tune-2026-20260628T112002-20260628/2026ilpe-p2-marginConfidenceScale-42
sft-tune-2026-20260628T112002-20260628,2026ilpe,2026ilpe,candidate,p2-marginConfidenceScale-56,58.984156,0.726,0.169,66.22,95.62,0.6,0.038461538461538464,0.14309152236652234,0.14102564102564102,/Users/leoxu/Library/CloudStorage/OneDrive-YKPaoSchool上海民办包玉刚实验学校/FRC2025-26/Scouting/2026-frc-scout/SyntheticFullSystemTest/artifacts/sft-tune-2026-20260628T112002-20260628/2026ilpe-p2-marginConfidenceScale-56
sft-tune-2026-20260628T112002-20260628,2026ilpe,2026ilpe,candidate,p2-scoreScaleCorrection-0.97,59.028656,0.726,0.169,66.33,96.08,0.6,0.038461538461538464,0.14309152236652234,0.14102564102564102,/Users/leoxu/Library/CloudStorage/OneDrive-YKPaoSchool上海民办包玉刚实验学校/FRC2025-26/Scouting/2026-frc-scout/SyntheticFullSystemTest/artifacts/sft-tune-2026-20260628T112002-20260628/2026ilpe-p2-scoreScaleCorrection-0.97
sft-tune-2026-20260628T112002-20260628,2026ilpe,2026ilpe,candidate,p2-scoreScaleCorrection-1.03,58.968256,0.726,0.169,66.37,95.29,0.6,0.038461538461538464,0.14309152236652234,0.14102564102564102,/Users/leoxu/Library/CloudStorage/OneDrive-YKPaoSchool上海民办包玉刚实验学校/FRC2025-26/Scouting/2026-frc-scout/SyntheticFullSystemTest/artifacts/sft-tune-2026-20260628T112002-20260628/2026ilpe-p2-scoreScaleCorrection-1.03
sft-tune-2026-20260628T112002-20260628,2026ilpe,2026ilpe,candidate,p2-defenseImpactWeight-0.6,59.96006,0.716,0.169,66.17,95.32,0.6,0.038461538461538464,0.1539314902269448,0.15384615384615385,/Users/leoxu/Library/CloudStorage/OneDrive-YKPaoSchool上海民办包玉刚实验学校/FRC2025-26/Scouting/2026-frc-scout/SyntheticFullSystemTest/artifacts/sft-tune-2026-20260628T112002-20260628/2026ilpe-p2-defenseImpactWeight-0.6
sft-tune-2026-20260628T112002-20260628,2026ilpe,2026ilpe,candidate,p2-defenseImpactWeight-0.92,58.979657,0.716,0.169,66.83,96.06,0.6,0.038461538461538464,0.12201155057064143,0.14102564102564102,/Users/leoxu/Library/CloudStorage/OneDrive-YKPaoSchool上海民办包玉刚实验学校/FRC2025-26/Scouting/2026-frc-scout/SyntheticFullSystemTest/artifacts/sft-tune-2026-20260628T112002-20260628/2026ilpe-p2-defenseImpactWeight-0.92
sft-tune-2026-20260628T112002-20260628,2026ilpe,2026ilpe,candidate,p2-reliabilityWeight-16,58.99264,0.726,0.169,66.24,95.67,0.6,0.038461538461538464,0.1431943394988849,0.14102564102564102,/Users/leoxu/Library/CloudStorage/OneDrive-YKPaoSchool上海民办包玉刚实验学校/FRC2025-26/Scouting/2026-frc-scout/SyntheticFullSystemTest/artifacts/sft-tune-2026-20260628T112002-20260628/2026ilpe-p2-reliabilityWeight-16
sft-tune-2026-20260628T112002-20260628,2026ilpe,2026ilpe,candidate,p2-reliabilityWeight-20,59.102296,0.726,0.169,66.15,95.59,0.6,0.038461538461538464,0.14299934081070442,0.15384615384615385,/Users/leoxu/Library/CloudStorage/OneDrive-YKPaoSchool上海民办包玉刚实验学校/FRC2025-26/Scouting/2026-frc-scout/SyntheticFullSystemTest/artifacts/sft-tune-2026-20260628T112002-20260628/2026ilpe-p2-reliabilityWeight-20
sft-tune-2026-20260628T112002-20260628,2026ilpe,2026ilpe,candidate,p2-scoutNoisePenalty-0,58.839901,0.726,0.168,66.19,95.68,0.6,0.038461538461538464,0.14219301128164763,0.14102564102564102,/Users/leoxu/Library/CloudStorage/OneDrive-YKPaoSchool上海民办包玉刚实验学校/FRC2025-26/Scouting/2026-frc-scout/SyntheticFullSystemTest/artifacts/sft-tune-2026-20260628T112002-20260628/2026ilpe-p2-scoutNoisePenalty-0
sft-tune-2026-20260628T112002-20260628,2026ilpe,2026ilpe,candidate,p2-scoutNoisePenalty-0.24,59.657613,0.716,0.169,66.13,95.45,0.6,0.038461538461538464,0.14359658271021905,0.15384615384615385,/Users/leoxu/Library/CloudStorage/OneDrive-YKPaoSchool上海民办包玉刚实验学校/FRC2025-26/Scouting/2026-frc-scout/SyntheticFullSystemTest/artifacts/sft-tune-2026-20260628T112002-20260628/2026ilpe-p2-scoutNoisePenalty-0.24
sft-tune-2026-20260628T112002-20260628,2026ilpe,2026ilpe,candidate,p2-upsetSensitivity-0.07,58.978901,0.726,0.168,66.22,95.81,0.6,0.038461538461538464,0.14213618326118327,0.15384615384615385,/Users/leoxu/Library/CloudStorage/OneDrive-YKPaoSchool上海民办包玉刚实验学校/FRC2025-26/Scouting/2026-frc-scout/SyntheticFullSystemTest/artifacts/sft-tune-2026-20260628T112002-20260628/2026ilpe-p2-upsetSensitivity-0.07
sft-tune-2026-20260628T112002-20260628,2026ilpe,2026ilpe,candidate,p3-priorWeight-0.64,57.934691,0.732,0.168,65.93,95.37,0.6111111111111112,0.038461538461538464,0.12889712383576016,0.14102564102564102,/Users/leoxu/Library/CloudStorage/OneDrive-YKPaoSchool上海民办包玉刚实验学校/FRC2025-26/Scouting/2026-frc-scout/SyntheticFullSystemTest/artifacts/sft-tune-2026-20260628T112002-20260628/2026ilpe-p3-priorWeight-0.64
sft-tune-2026-20260628T112002-20260628,2026ilpe,2026ilpe,candidate,p3-priorWeight-0.88,58.811854,0.726,0.169,66.54,96.17,0.6,0.05128205128205128,0.11718606191788007,0.16666666666666666,/Users/leoxu/Library/CloudStorage/OneDrive-YKPaoSchool上海民办包玉刚实验学校/FRC2025-26/Scouting/2026-frc-scout/SyntheticFullSystemTest/artifacts/sft-tune-2026-20260628T112002-20260628/2026ilpe-p3-priorWeight-0.88
sft-tune-2026-20260628T112002-20260628,2026ilpe,2026ilpe,candidate,p3-liveEvidenceWeight-0.36,59.796765,0.712,0.17,65.96,95.79,0.5789473684210527,0.038461538461538464,0.13651760461760462,0.1282051282051282,/Users/leoxu/Library/CloudStorage/OneDrive-YKPaoSchool上海民办包玉刚实验学校/FRC2025-26/Scouting/2026-frc-scout/SyntheticFullSystemTest/artifacts/sft-tune-2026-20260628T112002-20260628/2026ilpe-p3-liveEvidenceWeight-0.36
sft-tune-2026-20260628T112002-20260628,2026ilpe,2026ilpe,candidate,p3-liveEvidenceWeight-0.44,57.780797,0.729,0.166,65.96,95.26,0.6111111111111112,0.038461538461538464,0.12221717499672045,0.15384615384615385,/Users/leoxu/Library/CloudStorage/OneDrive-YKPaoSchool上海民办包玉刚实验学校/FRC2025-26/Scouting/2026-frc-scout/SyntheticFullSystemTest/artifacts/sft-tune-2026-20260628T112002-20260628/2026ilpe-p3-liveEvidenceWeight-0.44
sft-tune-2026-20260628T112002-20260628,2026ilpe,2026ilpe,candidate,p3-marginConfidenceScale-49,58.727903,0.729,0.166,65.96,95.26,0.6111111111111112,0.038461538461538464,0.14524036796536802,0.1794871794871795,/Users/leoxu/Library/CloudStorage/OneDrive-YKPaoSchool上海民办包玉刚实验学校/FRC2025-26/Scouting/2026-frc-scout/SyntheticFullSystemTest/artifacts/sft-tune-2026-20260628T112002-20260628/2026ilpe-p3-marginConfidenceScale-49
sft-tune-2026-20260628T112002-20260628,2026ilpe,2026ilpe,candidate,p3-marginConfidenceScale-63,57.446552,0.729,0.167,65.96,95.26,0.6111111111111112,0.038461538461538464,0.11134917355371901,0.14102564102564102,/Users/leoxu/Library/CloudStorage/OneDrive-YKPaoSchool上海民办包玉刚实验学校/FRC2025-26/Scouting/2026-frc-scout/SyntheticFullSystemTest/artifacts/sft-tune-2026-20260628T112002-20260628/2026ilpe-p3-marginConfidenceScale-63
sft-tune-2026-20260628T112002-20260628,2026ilpe,2026ilpe,candidate,p3-defenseImpactWeight-0.68,57.300018,0.729,0.167,65.85,95.08,0.6111111111111112,0.038461538461538464,0.1114748852157943,0.1282051282051282,/Users/leoxu/Library/CloudStorage/OneDrive-YKPaoSchool上海民办包玉刚实验学校/FRC2025-26/Scouting/2026-frc-scout/SyntheticFullSystemTest/artifacts/sft-tune-2026-20260628T112002-20260628/2026ilpe-p3-defenseImpactWeight-0.68
sft-tune-2026-20260628T112002-20260628,2026ilpe,2026ilpe,candidate,p3-defenseImpactWeight-0.84,57.780023,0.729,0.167,66.21,95.41,0.6111111111111112,0.038461538461538464,0.1214815525383707,0.14102564102564102,/Users/leoxu/Library/CloudStorage/OneDrive-YKPaoSchool上海民办包玉刚实验学校/FRC2025-26/Scouting/2026-frc-scout/SyntheticFullSystemTest/artifacts/sft-tune-2026-20260628T112002-20260628/2026ilpe-p3-defenseImpactWeight-0.84
sft-tune-2026-20260628T112002-20260628,2026ilpe,2026ilpe,candidate,p3-scoutNoisePenalty-0.12,57.03257,0.732,0.167,65.93,94.99,0.6111111111111112,0.038461538461538464,0.11238678341860163,0.11538461538461539,/Users/leoxu/Library/CloudStorage/OneDrive-YKPaoSchool上海民办包玉刚实验学校/FRC2025-26/Scouting/2026-frc-scout/SyntheticFullSystemTest/artifacts/sft-tune-2026-20260628T112002-20260628/2026ilpe-p3-scoutNoisePenalty-0.12
sft-tune-2026-20260628T112002-20260628,2026ilpe,2026ilpe,candidate,p4-priorWeight-0.55,55.624425,0.739,0.166,65.83,94.72,0.6470588235294118,0.038461538461538464,0.09334087276360004,0.1282051282051282,/Users/leoxu/Library/CloudStorage/OneDrive-YKPaoSchool上海民办包玉刚实验学校/FRC2025-26/Scouting/2026-frc-scout/SyntheticFullSystemTest/artifacts/sft-tune-2026-20260628T112002-20260628/2026ilpe-p4-priorWeight-0.55
sft-tune-2026-20260628T112002-20260628,2026ilpe,2026ilpe,candidate,p4-priorWeight-0.76,58.245672,0.726,0.167,66.14,95.69,0.6,0.038461538461538464,0.12647539682539685,0.14102564102564102,/Users/leoxu/Library/CloudStorage/OneDrive-YKPaoSchool上海民办包玉刚实验学校/FRC2025-26/Scouting/2026-frc-scout/SyntheticFullSystemTest/artifacts/sft-tune-2026-20260628T112002-20260628/2026ilpe-p4-priorWeight-0.76
sft-tune-2026-20260628T112002-20260628,2026ilpe,2026ilpe,candidate,p4-liveEvidenceWeight-0.4,57.373071,0.732,0.168,65.89,94.96,0.6111111111111112,0.038461538461538464,0.11991015802379437,0.11538461538461539,/Users/leoxu/Library/CloudStorage/OneDrive-YKPaoSchool上海民办包玉刚实验学校/FRC2025-26/Scouting/2026-frc-scout/SyntheticFullSystemTest/artifacts/sft-tune-2026-20260628T112002-20260628/2026ilpe-p4-liveEvidenceWeight-0.4
sft-tune-2026-20260628T112002-20260628,2026ilpe,2026ilpe,candidate,p4-liveEvidenceWeight-0.48,55.221758,0.754,0.165,66.05,94.92,0.6470588235294118,0.038461538461538464,0.10182494096812279,0.15384615384615385,/Users/leoxu/Library/CloudStorage/OneDrive-YKPaoSchool上海民办包玉刚实验学校/FRC2025-26/Scouting/2026-frc-scout/SyntheticFullSystemTest/artifacts/sft-tune-2026-20260628T112002-20260628/2026ilpe-p4-liveEvidenceWeight-0.48
sft-tune-2026-20260628T112002-20260628,2026ilpe,2026ilpe,candidate,p4-marginConfidenceScale-56,56.703888,0.743,0.165,66.05,94.92,0.6470588235294118,0.038461538461538464,0.12678911845730023,0.16666666666666666,/Users/leoxu/Library/CloudStorage/OneDrive-YKPaoSchool上海民办包玉刚实验学校/FRC2025-26/Scouting/2026-frc-scout/SyntheticFullSystemTest/artifacts/sft-tune-2026-20260628T112002-20260628/2026ilpe-p4-marginConfidenceScale-56
sft-tune-2026-20260628T112002-20260628,2026ilpe,2026ilpe,candidate,p4-marginConfidenceScale-70,55.628314,0.754,0.166,66.05,94.92,0.6470588235294118,0.038461538461538464,0.12419731404958677,0.11538461538461539,/Users/leoxu/Library/CloudStorage/OneDrive-YKPaoSchool上海民办包玉刚实验学校/FRC2025-26/Scouting/2026-frc-scout/SyntheticFullSystemTest/artifacts/sft-tune-2026-20260628T112002-20260628/2026ilpe-p4-marginConfidenceScale-70
sft-tune-2026-20260628T112002-20260628,2026ilpe,2026ilpe,candidate,p4-defenseImpactWeight-0.6,56.013271,0.743,0.165,66.09,94.74,0.6470588235294118,0.038461538461538464,0.10842871900826449,0.15384615384615385,/Users/leoxu/Library/CloudStorage/OneDrive-YKPaoSchool上海民办包玉刚实验学校/FRC2025-26/Scouting/2026-frc-scout/SyntheticFullSystemTest/artifacts/sft-tune-2026-20260628T112002-20260628/2026ilpe-p4-defenseImpactWeight-0.6
sft-tune-2026-20260628T112002-20260628,2026ilpe,2026ilpe,candidate,p4-defenseImpactWeight-0.76,54.98116,0.754,0.165,66.09,95.08,0.6470588235294118,0.038461538461538464,0.10183203463203466,0.1282051282051282,/Users/leoxu/Library/CloudStorage/OneDrive-YKPaoSchool上海民办包玉刚实验学校/FRC2025-26/Scouting/2026-frc-scout/SyntheticFullSystemTest/artifacts/sft-tune-2026-20260628T112002-20260628/2026ilpe-p4-defenseImpactWeight-0.76
sft-tune-2026-20260628T112002-20260628,2026ilpe,2026ilpe,candidate,p5-priorWeight-0.67,57.114763,0.732,0.166,66.23,95.36,0.6111111111111112,0.038461538461538464,0.11316638134592677,0.1282051282051282,/Users/leoxu/Library/CloudStorage/OneDrive-YKPaoSchool上海民办包玉刚实验学校/FRC2025-26/Scouting/2026-frc-scout/SyntheticFullSystemTest/artifacts/sft-tune-2026-20260628T112002-20260628/2026ilpe-p5-priorWeight-0.67
sft-tune-2026-20260628T112002-20260628,2026ilpe,2026ilpe,candidate,p5-liveEvidenceWeight-0.44,55.651465,0.739,0.166,65.9,94.97,0.6470588235294118,0.038461538461538464,0.09341219840765297,0.1282051282051282,/Users/leoxu/Library/CloudStorage/OneDrive-YKPaoSchool上海民办包玉刚实验学校/FRC2025-26/Scouting/2026-frc-scout/SyntheticFullSystemTest/artifacts/sft-tune-2026-20260628T112002-20260628/2026ilpe-p5-liveEvidenceWeight-0.44
sft-tune-2026-20260628T112002-20260628,2026ilpe,2026ilpe,candidate,p5-liveEvidenceWeight-0.52,55.976058,0.732,0.164,66.28,95.08,0.6470588235294118,0.038461538461538464,0.09394511019283745,0.14102564102564102,/Users/leoxu/Library/CloudStorage/OneDrive-YKPaoSchool上海民办包玉刚实验学校/FRC2025-26/Scouting/2026-frc-scout/SyntheticFullSystemTest/artifacts/sft-tune-2026-20260628T112002-20260628/2026ilpe-p5-liveEvidenceWeight-0.52
sft-tune-2026-20260628T112002-20260628,2026ilpe,2026ilpe,candidate,p5-marginConfidenceScale-59.5,55.054534,0.754,0.165,66.09,95.08,0.6470588235294118,0.038461538461538464,0.09145732323232324,0.16666666666666666,/Users/leoxu/Library/CloudStorage/OneDrive-YKPaoSchool上海民办包玉刚实验学校/FRC2025-26/Scouting/2026-frc-scout/SyntheticFullSystemTest/artifacts/sft-tune-2026-20260628T112002-20260628/2026ilpe-p5-marginConfidenceScale-59.5
sft-tune-2026-20260628T112002-20260628,2026ilpe,2026ilpe,candidate,p5-marginConfidenceScale-66.5,55.394617,0.754,0.166,66.09,95.08,0.6470588235294118,0.038461538461538464,0.11161393404575225,0.1282051282051282,/Users/leoxu/Library/CloudStorage/OneDrive-YKPaoSchool上海民办包玉刚实验学校/FRC2025-26/Scouting/2026-frc-scout/SyntheticFullSystemTest/artifacts/sft-tune-2026-20260628T112002-20260628/2026ilpe-p5-marginConfidenceScale-66.5
sft-tune-2026-20260628T112002-20260628,2026ilpe,2026ilpe,candidate,p5-defenseImpactWeight-0.68,55.221758,0.754,0.165,66.05,94.92,0.6470588235294118,0.038461538461538464,0.10182494096812279,0.15384615384615385,/Users/leoxu/Library/CloudStorage/OneDrive-YKPaoSchool上海民办包玉刚实验学校/FRC2025-26/Scouting/2026-frc-scout/SyntheticFullSystemTest/artifacts/sft-tune-2026-20260628T112002-20260628/2026ilpe-p5-defenseImpactWeight-0.68
sft-tune-2026-20260628T112002-20260628,2026ilpe,2026ilpe,candidate,p5-defenseImpactWeight-0.84,55.218997,0.75,0.165,66.22,95.19,0.6470588235294118,0.038461538461538464,0.10182991932310115,0.1282051282051282,/Users/leoxu/Library/CloudStorage/OneDrive-YKPaoSchool上海民办包玉刚实验学校/FRC2025-26/Scouting/2026-frc-scout/SyntheticFullSystemTest/artifacts/sft-tune-2026-20260628T112002-20260628/2026ilpe-p5-defenseImpactWeight-0.84
sft-tune-2026-20260628T112002-20260628,2026ilpe,2026ilpe,candidate,p6-priorWeight-0.61,55.367908,0.754,0.165,66.05,95.1,0.6470588235294118,0.038461538461538464,0.11476361668634395,0.1282051282051282,/Users/leoxu/Library/CloudStorage/OneDrive-YKPaoSchool上海民办包玉刚实验学校/FRC2025-26/Scouting/2026-frc-scout/SyntheticFullSystemTest/artifacts/sft-tune-2026-20260628T112002-20260628/2026ilpe-p6-priorWeight-0.61
sft-tune-2026-20260628T112002-20260628,2026ilpe,2026ilpe,candidate,p6-liveEvidenceWeight-0.46,55.94402,0.739,0.166,65.97,94.99,0.6470588235294118,0.038461538461538464,0.10294736324281778,0.1282051282051282,/Users/leoxu/Library/CloudStorage/OneDrive-YKPaoSchool上海民办包玉刚实验学校/FRC2025-26/Scouting/2026-frc-scout/SyntheticFullSystemTest/artifacts/sft-tune-2026-20260628T112002-20260628/2026ilpe-p6-liveEvidenceWeight-0.46
sft-tune-2026-20260628T112002-20260628,2026ilpe,2026ilpe,candidate,p6-liveEvidenceWeight-0.5,55.255603,0.743,0.165,66.16,95.04,0.6470588235294118,0.038461538461538464,0.09075678639542274,0.1282051282051282,/Users/leoxu/Library/CloudStorage/OneDrive-YKPaoSchool上海民办包玉刚实验学校/FRC2025-26/Scouting/2026-frc-scout/SyntheticFullSystemTest/artifacts/sft-tune-2026-20260628T112002-20260628/2026ilpe-p6-liveEvidenceWeight-0.5
sft-tune-2026-20260628T112002-20260628,2026ilpe,2026ilpe,candidate,p6-defenseImpactWeight-0.72,54.974084,0.754,0.165,66.06,95,0.6470588235294118,0.038461538461538464,0.10187949626131441,0.1282051282051282,/Users/leoxu/Library/CloudStorage/OneDrive-YKPaoSchool上海民办包玉刚实验学校/FRC2025-26/Scouting/2026-frc-scout/SyntheticFullSystemTest/artifacts/sft-tune-2026-20260628T112002-20260628/2026ilpe-p6-defenseImpactWeight-0.72
sft-tune-2026-20260628T112002-20260628,2026ilpe,2026ilpe,candidate,p6-defenseImpactWeight-0.8,54.989571,0.754,0.165,66.13,95.15,0.6470588235294118,0.038461538461538464,0.10183238882329793,0.1282051282051282,/Users/leoxu/Library/CloudStorage/OneDrive-YKPaoSchool上海民办包玉刚实验学校/FRC2025-26/Scouting/2026-frc-scout/SyntheticFullSystemTest/artifacts/sft-tune-2026-20260628T112002-20260628/2026ilpe-p6-defenseImpactWeight-0.8
sft-tune-2026-20260628T112002-20260628,2026ilpe,2026ilpe,event-final,final,54.98116,0.754,0.165,66.09,95.08,0.6470588235294118,0.038461538461538464,0.10183203463203466,0.1282051282051282,/Users/leoxu/Library/CloudStorage/OneDrive-YKPaoSchool上海民办包玉刚实验学校/FRC2025-26/Scouting/2026-frc-scout/SyntheticFullSystemTest/artifacts/sft-tune-2026-20260628T112002-20260628/2026ilpe-final
